{"cameraMode":{"drawMode":0,"name":"Shaded","section":"Shading Mode"},"sceneLighting":false,"audioPlay":false,"sceneViewState":{"m_AlwaysRefresh":false,"showFog":true,"showSkybox":false,"showFlares":true,"showImageEffects":true,"showParticleSystems":true,"showVisualEffectGraphs":true,"m_FxEnabled":true},"in2DMode":false,"pivot":{"x":2.856205940246582,"y":0.06045520305633545,"z":0.1394197940826416},"rotation":{"x":-0.11387839913368225,"y":0.8860734105110169,"z":-0.31274867057800295,"w":-0.3226378858089447},"size":1.0421745777130128,"orthographic":false}