{"cameraMode":{"drawMode":0,"name":"Shaded","section":"Shading Mode"},"sceneLighting":true,"audioPlay":false,"sceneViewState":{"m_AlwaysRefresh":false,"showFog":true,"showSkybox":true,"showFlares":true,"showImageEffects":true,"showParticleSystems":true,"showVisualEffectGraphs":true,"m_FxEnabled":true},"in2DMode":false,"pivot":{"x":3.7134294509887697,"y":-18.639217376708986,"z":-0.6645984649658203},"rotation":{"x":-0.3837733566761017,"y":0.12697872519493104,"z":-0.053602688014507297,"w":-0.9133611917495728},"size":42.940006256103519,"orthographic":false}