{"cameraMode":{"drawMode":0,"name":"Shaded","section":"Shading Mode"},"sceneLighting":true,"audioPlay":false,"sceneViewState":{"m_AlwaysRefresh":false,"showFog":true,"showSkybox":true,"showFlares":true,"showImageEffects":true,"showParticleSystems":true,"showVisualEffectGraphs":true,"m_FxEnabled":true},"in2DMode":false,"pivot":{"x":14.476757049560547,"y":-12.404754638671875,"z":-12.465902328491211},"rotation":{"x":-0.41704562306404116,"y":-0.15231256186962129,"z":0.07115238159894943,"w":-0.8932572603225708},"size":24.933183670043947,"orthographic":false}