{"cameraMode":{"drawMode":0,"name":"Shaded","section":"Shading Mode"},"sceneLighting":true,"audioPlay":false,"sceneViewState":{"m_AlwaysRefresh":false,"showFog":true,"showSkybox":true,"showFlares":true,"showImageEffects":true,"showParticleSystems":true,"showVisualEffectGraphs":true,"m_FxEnabled":true},"in2DMode":false,"pivot":{"x":17.89975357055664,"y":-2.890437126159668,"z":-30.844118118286134},"rotation":{"x":0.39294523000717165,"y":0.005782749503850937,"z":-0.0025402067694813015,"w":0.9196192622184753},"size":20.7548885345459,"orthographic":false}