{"cameraMode":{"drawMode":0,"name":"Shaded","section":"Shading Mode"},"sceneLighting":false,"audioPlay":false,"sceneViewState":{"m_AlwaysRefresh":false,"showFog":true,"showSkybox":false,"showFlares":true,"showImageEffects":true,"showParticleSystems":true,"showVisualEffectGraphs":true,"m_FxEnabled":true},"in2DMode":false,"pivot":{"x":2.433408737182617,"y":11.339620590209961,"z":-1.9776458740234376},"rotation":{"x":0.20199576020240785,"y":0.07484018057584763,"z":-0.015483202412724495,"w":0.9764025807380676},"size":20.033002853393556,"orthographic":true}