{"cameraMode":{"drawMode":0,"name":"Shaded","section":"Shading Mode"},"sceneLighting":false,"audioPlay":false,"sceneViewState":{"m_AlwaysRefresh":false,"showFog":true,"showSkybox":false,"showFlares":true,"showImageEffects":true,"showParticleSystems":true,"showVisualEffectGraphs":true,"m_FxEnabled":true},"in2DMode":false,"pivot":{"x":2.026395797729492,"y":0.6384826302528381,"z":-0.13253656029701234},"rotation":{"x":0.06741853803396225,"y":-0.3260469436645508,"z":0.023318776860833169,"w":0.9426581263542175},"size":10.532238960266114,"orthographic":true}