{"cameraMode":{"drawMode":0,"name":"Shaded","section":"Shading Mode"},"sceneLighting":false,"audioPlay":false,"sceneViewState":{"m_AlwaysRefresh":false,"showFog":true,"showSkybox":false,"showFlares":true,"showImageEffects":true,"showParticleSystems":true,"showVisualEffectGraphs":true,"m_FxEnabled":true},"in2DMode":false,"pivot":{"x":18.562007904052736,"y":-6.548717498779297,"z":-56.00766372680664},"rotation":{"x":0.026342378929257394,"y":0.8636819124221802,"z":-0.045385003089904788,"w":0.5012985467910767},"size":72.75328063964844,"orthographic":false}