{"cameraMode":{"drawMode":0,"name":"Shaded","section":"Shading Mode"},"sceneLighting":false,"audioPlay":false,"sceneViewState":{"m_AlwaysRefresh":false,"showFog":true,"showSkybox":false,"showFlares":true,"showImageEffects":true,"showParticleSystems":true,"showVisualEffectGraphs":true,"m_FxEnabled":true},"in2DMode":false,"pivot":{"x":-0.14450836181640626,"y":-0.19452667236328126,"z":0.2927055358886719},"rotation":{"x":0.09341133385896683,"y":-0.8854292631149292,"z":0.40757590532302859,"w":0.20292925834655763},"size":11.021608352661133,"orthographic":true}