{"cameraMode":{"drawMode":0,"name":"Shaded","section":"Shading Mode"},"sceneLighting":false,"audioPlay":false,"sceneViewState":{"m_AlwaysRefresh":false,"showFog":true,"showSkybox":false,"showFlares":true,"showImageEffects":true,"showParticleSystems":true,"showVisualEffectGraphs":true,"m_FxEnabled":true},"in2DMode":false,"pivot":{"x":1.3534550666809083,"y":2.6507441997528078,"z":1.5275548696517945},"rotation":{"x":0.16911904513835908,"y":0.25121140480041506,"z":-0.04462231323122978,"w":0.9520092606544495},"size":4.418034076690674,"orthographic":false}