{"cameraMode":{"drawMode":0,"name":"Shaded","section":"Shading Mode"},"sceneLighting":false,"audioPlay":false,"sceneViewState":{"m_AlwaysRefresh":false,"showFog":true,"showSkybox":false,"showFlares":true,"showImageEffects":true,"showParticleSystems":true,"showVisualEffectGraphs":true,"m_FxEnabled":true},"in2DMode":false,"pivot":{"x":0.5047037601470947,"y":0.005447745323181152,"z":-0.20048819482326508},"rotation":{"x":0.20527836680412293,"y":0.6984105706214905,"z":-0.22088144719600678,"w":0.6490739583969116},"size":2.2071070671081545,"orthographic":false}