{"cameraMode":{"drawMode":0,"name":"Shaded","section":"Shading Mode"},"sceneLighting":false,"audioPlay":false,"sceneViewState":{"m_AlwaysRefresh":false,"showFog":true,"showSkybox":false,"showFlares":true,"showImageEffects":true,"showParticleSystems":true,"showVisualEffectGraphs":true,"m_FxEnabled":true},"in2DMode":false,"pivot":{"x":-0.3132372796535492,"y":0.2873455286026001,"z":0.40642881393432619},"rotation":{"x":0.3759317994117737,"y":0.04167340323328972,"z":-0.01692391000688076,"w":0.9255650639533997},"size":2.6180338859558107,"orthographic":false}