{"cameraMode":{"drawMode":0,"name":"Shaded","section":"Shading Mode"},"sceneLighting":false,"audioPlay":false,"sceneViewState":{"m_AlwaysRefresh":false,"showFog":true,"showSkybox":false,"showFlares":true,"showImageEffects":true,"showParticleSystems":true,"showVisualEffectGraphs":true,"m_FxEnabled":true},"in2DMode":false,"pivot":{"x":-0.9084033966064453,"y":3.5340170860290529,"z":0.2768186926841736},"rotation":{"x":0.17942479252815247,"y":0.7410908341407776,"z":-0.21832913160324098,"w":0.6090349555015564},"size":5.378514766693115,"orthographic":true}