{"cameraMode":{"drawMode":0,"name":"Shaded","section":"Shading Mode"},"sceneLighting":false,"audioPlay":false,"sceneViewState":{"m_AlwaysRefresh":false,"showFog":true,"showSkybox":false,"showFlares":true,"showImageEffects":true,"showParticleSystems":true,"showVisualEffectGraphs":true,"m_FxEnabled":true},"in2DMode":false,"pivot":{"x":1.9817917346954346,"y":74.33226776123047,"z":0.8079544901847839},"rotation":{"x":-0.15866005420684815,"y":-0.003905083518475294,"z":0.0003365115262567997,"w":-0.9874681830406189},"size":48.09087371826172,"orthographic":false}