{"cameraMode":{"drawMode":0,"name":"Shaded","section":"Shading Mode"},"sceneLighting":false,"audioPlay":false,"sceneViewState":{"m_AlwaysRefresh":false,"showFog":true,"showSkybox":false,"showFlares":true,"showImageEffects":true,"showParticleSystems":true,"showVisualEffectGraphs":true,"m_FxEnabled":true},"in2DMode":false,"pivot":{"x":0.07953484356403351,"y":0.9045209884643555,"z":2.203953266143799},"rotation":{"x":0.10306847840547562,"y":-0.8941712975502014,"z":0.26868176460266116,"w":0.3430121839046478},"size":5.970067501068115,"orthographic":true}