{"cameraMode":{"drawMode":0,"name":"Shaded","section":"Shading Mode"},"sceneLighting":true,"audioPlay":false,"sceneViewState":{"m_AlwaysRefresh":false,"showFog":true,"showSkybox":true,"showFlares":true,"showImageEffects":true,"showParticleSystems":true,"showVisualEffectGraphs":true,"m_FxEnabled":true},"in2DMode":false,"pivot":{"x":-4.630000114440918,"y":0.47679781913757326,"z":3.299999952316284},"rotation":{"x":0.34894976019859316,"y":0.43494561314582827,"z":-0.18769371509552003,"w":0.808607816696167},"size":59.31865692138672,"orthographic":true}