{"cameraMode":{"drawMode":0,"name":"Shaded","section":"Shading Mode"},"sceneLighting":true,"audioPlay":false,"sceneViewState":{"m_AlwaysRefresh":false,"showFog":true,"showSkybox":true,"showFlares":true,"showImageEffects":true,"showParticleSystems":true,"showVisualEffectGraphs":true,"m_FxEnabled":true},"in2DMode":false,"pivot":{"x":116.15489959716797,"y":267.4410705566406,"z":-41.83711624145508},"rotation":{"x":-0.24167002737522126,"y":-0.22581377625465394,"z":0.056820016354322436,"w":-0.9422988891601563},"size":399.7839660644531,"orthographic":false}