{"cameraMode":{"drawMode":0,"name":"Shaded","section":"Shading Mode"},"sceneLighting":true,"audioPlay":false,"sceneViewState":{"m_AlwaysRefresh":false,"showFog":true,"showSkybox":true,"showFlares":true,"showImageEffects":true,"showParticleSystems":true,"showVisualEffectGraphs":true,"m_FxEnabled":true},"in2DMode":false,"pivot":{"x":172.26788330078126,"y":-3.2728424072265627,"z":115.74197387695313},"rotation":{"x":-0.425270140171051,"y":-0.14900094270706178,"z":0.07121092081069946,"w":-0.8898780941963196},"size":158.97695922851563,"orthographic":false}