{"cameraMode":{"drawMode":0,"name":"Shaded","section":"Shading Mode"},"sceneLighting":true,"audioPlay":false,"sceneViewState":{"m_AlwaysRefresh":false,"showFog":true,"showSkybox":true,"showFlares":true,"showImageEffects":true,"showParticleSystems":true,"showVisualEffectGraphs":true,"m_FxEnabled":true},"in2DMode":false,"pivot":{"x":283.26910400390627,"y":445.3210144042969,"z":-16.713836669921876},"rotation":{"x":0.01080840453505516,"y":0.01349282544106245,"z":-0.00013599124213214964,"w":0.999865710735321},"size":179.65081787109376,"orthographic":false}