{"cameraMode":{"drawMode":0,"name":"Shaded","section":"Shading Mode"},"sceneLighting":false,"audioPlay":false,"sceneViewState":{"m_AlwaysRefresh":false,"showFog":true,"showSkybox":false,"showFlares":true,"showImageEffects":true,"showParticleSystems":true,"showVisualEffectGraphs":true,"m_FxEnabled":true},"in2DMode":false,"pivot":{"x":1.4529109001159669,"y":0.9285826683044434,"z":2.1947994232177736},"rotation":{"x":0.11947141587734223,"y":0.6897967457771301,"z":-0.1169884204864502,"w":0.7044360637664795},"size":10.264514923095704,"orthographic":true}