{"cameraMode":{"drawMode":0,"name":"Shaded","section":"Shading Mode"},"sceneLighting":false,"audioPlay":false,"sceneViewState":{"m_AlwaysRefresh":false,"showFog":true,"showSkybox":false,"showFlares":true,"showImageEffects":true,"showParticleSystems":true,"showVisualEffectGraphs":true,"m_FxEnabled":true},"in2DMode":false,"pivot":{"x":4.646999835968018,"y":2.7699999809265138,"z":-2.0737199783325197},"rotation":{"x":-0.0002996032126247883,"y":-0.25457051396369936,"z":0.00007791515963617712,"w":-0.967056393623352},"size":5.648962497711182,"orthographic":false}