{"cameraMode":{"drawMode":0,"name":"Shaded","section":"Shading Mode"},"sceneLighting":false,"audioPlay":false,"sceneViewState":{"m_AlwaysRefresh":false,"showFog":true,"showSkybox":false,"showFlares":true,"showImageEffects":true,"showParticleSystems":true,"showVisualEffectGraphs":true,"m_FxEnabled":true},"in2DMode":false,"pivot":{"x":-0.8297843933105469,"y":-0.048038482666015628,"z":-3.1339244842529299},"rotation":{"x":-0.27870720624923708,"y":-0.13890378177165986,"z":0.039762116968631747,"w":-0.949714183807373},"size":41.282493591308597,"orthographic":false}