{"cameraMode":{"drawMode":0,"name":"Shaded","section":"Shading Mode"},"sceneLighting":false,"audioPlay":false,"sceneViewState":{"m_AlwaysRefresh":false,"showFog":true,"showSkybox":false,"showFlares":true,"showImageEffects":true,"showParticleSystems":true,"showVisualEffectGraphs":true,"m_FxEnabled":true},"in2DMode":false,"pivot":{"x":-0.5003280639648438,"y":2.2072620391845705,"z":-1.7214698791503907},"rotation":{"x":-0.27870720624923708,"y":-0.13890378177165986,"z":0.039762116968631747,"w":-0.949714183807373},"size":6.844866752624512,"orthographic":false}