{"cameraMode":{"drawMode":0,"name":"Shaded","section":"Shading Mode"},"sceneLighting":false,"audioPlay":false,"sceneViewState":{"m_AlwaysRefresh":false,"showFog":true,"showSkybox":false,"showFlares":true,"showImageEffects":true,"showParticleSystems":true,"showVisualEffectGraphs":true,"m_FxEnabled":true},"in2DMode":false,"pivot":{"x":2.6110877990722658,"y":2.009831190109253,"z":-0.21034112572669984},"rotation":{"x":0.13887301087379456,"y":-0.7930587530136108,"z":0.5594915747642517,"w":0.19684818387031556},"size":8.147248268127442,"orthographic":true}